City,Country,Lat,Lng,Max Temp,Humidity,Cloudiness,Wind Speed,Date
Atuona,PF,-9.8,-139.03,78.01,74,75,15.43,1603241225
Bluff,NZ,-46.6,168.33,57.0,60,84,7.0,1603241787
Yumen,CN,40.28,97.2,47.19,41,0,7.34,1603241788
Santa Vitória do Palmar,BR,-33.52,-53.37,58.12,75,100,11.99,1603241789
Mount Gambier,AU,-37.83,140.77,59.0,72,90,9.17,1603241790
Cidreira,BR,-30.18,-50.21,68.67,93,94,7.61,1603241286
Ribeira Grande,PT,38.52,-28.7,63.77,68,61,25.5,1603241607
Port Hardy,CA,50.7,-127.42,51.8,71,75,6.93,1603241308
Tasiilaq,GL,65.61,-37.64,32.0,95,100,24.16,1603241795
Ternate,ID,0.8,127.4,83.61,70,30,5.86,1603241559
Hobart,AU,-42.88,147.33,66.99,51,40,5.82,1603241765
Busselton,AU,-33.65,115.33,66.99,47,0,6.91,1603241798
São João da Barra,BR,-21.64,-41.05,72.75,85,100,11.95,1603241799
Mataura,NZ,-46.19,168.86,57.0,60,0,7.0,1603241800
Salalah,OM,17.02,54.09,77.0,47,2,1.12,1603240966
Ushuaia,AR,-54.8,-68.3,42.8,60,75,4.7,1603241802
New Norfolk,AU,-42.78,147.06,66.99,35,92,5.01,1603241803
Tiksi,RU,71.69,128.87,8.73,92,97,9.06,1603241705
Coquimbo,CL,-29.95,-71.34,53.6,93,0,3.36,1603241085
Vaini,TO,-21.2,-175.2,77.0,69,75,10.29,1603241807
Itoman,JP,26.12,127.67,84.2,66,75,18.34,1603241325
Rikitea,PF,-23.12,-134.97,74.05,76,6,10.16,1603241809
Albany,US,42.6,-73.97,57.99,82,100,3.62,1603241552
Gimli,CA,50.63,-96.99,30.0,98,100,5.99,1603241811
Mehrān,IR,33.12,46.16,55.4,19,0,4.7,1603241812
Altay,CN,47.87,88.12,36.27,65,0,3.18,1603241813
Kapaa,US,22.08,-159.32,81.0,88,90,5.82,1603241704
George Town,MY,5.41,100.34,82.4,88,20,5.82,1603241816
Saint Paul Harbor,US,57.79,-152.41,48.2,42,1,10.29,1603241817
La Ronge,CA,55.1,-105.28,26.6,63,90,2.24,1603241818
Longyearbyen,SJ,78.22,15.64,24.8,73,40,8.05,1603241819
Maumere,ID,-8.62,122.21,84.6,63,41,0.63,1603241820
Riyadh,SA,24.69,46.72,62.6,26,0,4.7,1603241821
Mahébourg,MU,-20.41,57.7,73.4,78,40,12.75,1603241822
Hermanus,ZA,-34.42,19.23,52.0,82,0,1.01,1603241706
Pangnirtung,CA,66.15,-65.71,26.6,100,90,1.43,1603241824
Matagami,CA,49.75,-77.63,28.4,100,1,1.97,1603241826
Shimoda,JP,34.67,138.95,64.4,68,20,23.04,1603241558
Caravelas,BR,-17.71,-39.25,73.22,93,100,2.71,1603241828
Tuktoyaktuk,CA,69.45,-133.04,23.0,92,90,18.34,1603241829
Arraial do Cabo,BR,-22.97,-42.03,72.7,83,0,20.89,1603241830
Guilin,CN,25.28,110.29,62.6,77,20,2.24,1603241831
Bogatyye Saby,RU,56.01,50.45,32.52,96,94,10.45,1603241832
Igarka,RU,67.47,86.58,10.15,93,100,6.44,1603241833
Kamakwie,SL,9.5,-12.23,73.54,97,62,3.0,1603241834
Hilo,US,19.73,-155.09,87.8,45,1,12.75,1603241694
Port Elizabeth,ZA,-33.92,25.57,51.8,81,11,6.93,1603241572
Nikolskoye,RU,59.7,30.79,30.99,92,20,2.24,1603241248
Peace River,CA,56.25,-117.29,24.8,85,75,9.17,1603241839
Aklavik,CA,68.22,-135.01,23.0,92,90,10.29,1603241450
Murgab,TM,37.5,61.97,50.0,43,0,4.7,1603241841
Pacific Grove,US,36.62,-121.92,66.99,72,1,5.82,1603241556
Upernavik,GL,72.79,-56.15,33.12,89,100,2.64,1603241745
Port Alfred,ZA,-33.59,26.89,55.98,75,0,8.93,1603241569
Butaritari,KI,3.07,172.79,82.09,76,91,11.68,1603241845
Talcahuano,CL,-36.72,-73.12,53.6,71,0,14.99,1603241847
Barrow,US,71.29,-156.79,26.6,79,90,13.87,1603241702
Oodweyne,SO,9.41,45.06,70.65,24,0,3.6,1603241849
Saskylakh,RU,71.92,114.08,19.47,97,92,8.23,1603241282
Caucaia,BR,-3.74,-38.65,80.6,78,40,12.75,1603241851
Departamento de Maldonado,UY,-34.67,-54.92,53.6,62,100,13.87,1603241852
Pavlodar,KZ,52.3,76.95,32.0,56,0,11.18,1603241853
São Miguel do Araguaia,BR,-13.28,-50.16,79.66,60,62,7.4,1603241609
Qui Nhon,VN,13.77,109.23,79.65,85,76,16.91,1603241856
Dul'durga,RU,50.68,113.59,25.07,83,0,15.05,1603241857
Gizo Government Station,SB,-8.1,156.84,84.47,71,82,10.22,1603241858
Cape Town,ZA,-33.93,18.42,51.01,76,0,2.24,1603241684
Jamestown,US,42.1,-79.24,48.0,93,90,8.05,1603241860
Puerto del Rosario,ES,28.5,-13.86,73.4,78,40,2.24,1603241861
East London,ZA,-33.02,27.91,58.03,66,0,5.88,1603241862
Aripuanã,BR,-9.17,-60.63,79.65,64,34,0.85,1603241863
Aksha,RU,50.28,113.29,26.11,81,0,15.43,1603241865
Malanje,AO,-9.54,16.34,65.98,92,79,7.4,1603241866
São Filipe,CV,14.9,-24.5,83.34,65,28,3.85,1603241353
Puerto Ayora,EC,-0.74,-90.35,68.0,95,91,7.0,1603241586
Chui,UY,-33.7,-53.46,57.81,75,100,12.71,1603241869
Qaanaaq,GL,77.48,-69.36,20.35,82,0,6.04,1603241870
Hithadhoo,MV,-0.6,73.08,81.88,81,72,13.53,1603241871
Viedma,AR,-40.81,-63.0,49.77,63,100,9.62,1603241872
Severo-Kuril'sk,RU,50.68,156.12,42.8,65,59,27.56,1603241873
Yulara,AU,-25.24,130.99,86.0,37,0,8.05,1603241352
Lebu,CL,-37.62,-73.65,49.42,77,0,18.52,1603241876
Qandala,SO,11.47,49.87,86.07,35,67,3.47,1603241877
Castro,BR,-24.79,-50.01,63.99,88,88,6.26,1603241878
Bredasdorp,ZA,-34.53,20.04,41.0,86,0,1.99,1603241879
Bengkulu,ID,-3.8,102.27,81.72,69,23,2.84,1603241880
Thompson,CA,55.74,-97.86,26.6,79,90,1.52,1603241693
Lüderitz,NA,-26.65,15.16,62.22,49,0,17.27,1603241882
Norman Wells,CA,65.28,-126.83,21.2,92,90,9.17,1603241883
Carutapera,BR,-1.2,-46.02,77.04,85,91,5.82,1603241586
Provideniya,RU,64.38,-173.3,44.6,87,90,15.66,1603241885
Saint-Philippe,RE,-21.36,55.77,71.6,56,28,6.93,1603241887
Kutum,SD,14.2,24.67,73.02,19,1,9.04,1603241379
Bandarbeyla,SO,9.49,50.81,78.55,69,0,7.31,1603241746
Mamlyutka,KZ,54.94,68.54,42.94,87,84,6.85,1603241890
Saurimo,AO,-9.66,20.39,64.35,81,27,4.0,1603241647
Saint George,US,37.1,-113.58,84.2,9,1,5.82,1603241747
Udachny,RU,66.42,112.4,1.4,91,90,2.24,1603241893
Comodoro Rivadavia,AR,-45.87,-67.5,46.4,75,99,6.93,1603241894
Den Helder,NL,52.96,4.76,57.99,87,90,11.41,1603241895
Saldanha,ZA,-33.01,17.94,46.4,81,0,5.82,1603241567
Lavrentiya,RU,65.58,-171.0,38.44,95,100,9.22,1603241898
Kavieng,PG,-2.57,150.8,82.42,75,99,7.23,1603241705
Avarua,CK,-21.21,-159.78,75.2,94,100,9.17,1603241900
Paarl,ZA,-33.73,18.98,52.0,76,0,2.24,1603241901
Northam,GB,51.03,-4.22,57.0,92,100,7.0,1603241902
Aykhal,RU,66.0,111.5,1.4,91,90,2.24,1603241903
Kondinskoye,RU,59.65,67.41,32.97,95,87,6.35,1603241904
Iberia,US,29.95,-91.75,77.0,83,1,3.36,1603241906
Pokosnoye,RU,55.53,101.05,31.33,98,100,8.63,1603241907
Cherskiy,RU,68.75,161.3,23.36,97,99,5.35,1603241719
Lorengau,PG,-2.02,147.27,86.77,60,94,4.59,1603241722
Carnarvon,AU,-24.87,113.63,69.8,64,40,19.46,1603241910
Ancud,CL,-41.87,-73.82,46.0,75,0,5.82,1603241911
Crato,BR,-7.23,-39.41,76.89,34,0,5.21,1603241644
Naze,JP,28.37,129.48,80.6,74,75,16.11,1603241913
Bilibino,RU,68.05,166.44,22.17,94,100,2.06,1603241656
Muyezerskiy,RU,63.93,31.65,26.92,98,83,4.54,1603241916
Jacareacanga,BR,-6.22,-57.75,81.05,57,83,0.85,1603241508
Ahipara,NZ,-35.17,173.17,65.84,61,100,6.22,1603241918
Alta Floresta,BR,-9.88,-56.09,78.87,60,0,1.57,1603241919
Ixtapa,MX,20.7,-105.2,86.0,79,40,8.05,1603241444
Joshīmath,IN,30.57,79.57,49.26,42,0,3.47,1603241921
Yellowknife,CA,62.46,-114.35,21.99,85,40,6.93,1603241922
Vila do Maio,CV,15.13,-23.22,80.6,78,97,9.17,1603241923
Eureka,US,40.8,-124.16,69.8,52,1,14.99,1603241924
Clyde River,CA,70.47,-68.59,28.4,74,20,13.87,1603241926
Taoudenni,ML,22.68,-3.98,79.77,18,0,10.09,1603241927
Pevek,RU,69.7,170.31,30.81,95,92,17.69,1603241698
Mahon,ES,39.89,4.27,68.0,88,86,16.11,1603241929
Ngama,TD,11.78,17.17,81.25,18,0,5.19,1603241930
Meiktila,MM,20.87,95.87,75.45,88,62,2.28,1603241931
Troy,US,42.61,-83.15,50.0,76,75,5.82,1603241720
Kyshtovka,RU,56.55,76.63,43.0,82,100,11.05,1603241934
Punta Arenas,CL,-53.15,-70.92,44.6,67,75,4.7,1603241689
São José da Coroa Grande,BR,-8.9,-35.15,76.35,81,62,7.49,1603241657
Ossora,RU,59.24,163.07,35.69,93,100,12.17,1603241937
Forio,IT,40.73,13.86,60.8,81,16,4.7,1603241938
Avdon,RU,54.67,55.72,33.8,86,90,8.95,1603241939
Souillac,MU,-20.52,57.52,73.4,78,40,12.75,1603241940
Smithers,CA,54.78,-127.17,33.8,81,75,6.93,1603241839
Esperance,AU,-33.87,121.9,60.8,93,90,13.87,1603241943
Hofn,IS,64.25,-15.21,36.01,74,32,7.63,1603241345
Kaoma,ZM,-14.78,24.8,66.42,26,0,6.33,1603241431
Tuy Hoa,VN,13.08,109.3,78.78,88,100,13.4,1603241946
Muisne,EC,0.6,-80.03,75.33,83,100,7.81,1603241947
Rawson,AR,-43.3,-65.1,50.85,60,0,18.61,1603241948
Sakakah,SA,29.97,40.21,68.0,18,0,3.36,1603241950
Rājūra,IN,19.78,79.37,71.76,85,34,2.51,1603241927
Sharjah city,AE,25.36,55.4,75.2,55,0,3.36,1603241952
Berlevåg,NO,70.86,29.09,37.09,78,93,1.79,1603241541
Brae,GB,60.4,-1.35,48.2,87,100,27.51,1603241954
Moree,AU,-29.47,149.85,75.2,41,96,19.46,1603241955
Avera,US,33.19,-82.53,69.8,88,1,5.82,1603241357
Tambilil,PH,5.96,124.67,82.4,83,40,2.24,1603241957
Padang,ID,-0.95,100.35,83.05,66,91,2.68,1603241958
Meulaboh,ID,4.14,96.13,78.75,81,87,5.03,1603241959
Guerrero Negro,MX,27.98,-114.06,71.13,81,0,16.58,1603241961
San Patricio,US,28.02,-97.52,79.0,74,20,10.29,1603241962
Bolivar,US,37.61,-93.41,63.0,99,95,5.99,1603241963
Fairbanks,US,64.84,-147.72,23.0,85,90,1.12,1603241835
Mission,US,26.22,-98.33,82.99,68,0,1.01,1603241965
Luoyang,CN,34.68,112.45,70.0,99,7,12.24,1603241966
Ola,RU,59.58,151.28,30.0,81,0,5.03,1603241967
Alugan,PH,12.22,125.48,84.85,74,100,12.35,1603241968
Itarema,BR,-2.92,-39.92,79.29,75,0,16.35,1603241970
Torbay,CA,47.67,-52.73,57.0,93,90,12.75,1603241449
Sinop Province,TR,41.77,34.87,51.24,87,84,4.34,1603241972
Khatanga,RU,71.97,102.5,6.62,95,90,8.41,1603241717
Scottsbluff,US,41.87,-103.67,46.4,61,75,3.36,1603241974
Ajdabiya,LY,30.76,20.23,65.79,73,0,10.4,1603241975
Bambous Virieux,MU,-20.34,57.76,73.99,78,40,12.75,1603241976
Hobyo,SO,5.35,48.53,79.41,84,17,17.29,1603241492
Lata,PT,40.16,-8.33,61.0,93,14,1.99,1603241978
Ponta do Sol,PT,32.67,-17.1,66.2,72,20,3.36,1603241214
Limbang,MY,4.75,115.0,82.4,74,75,5.82,1603241981
Huánuco,PE,-9.93,-76.24,64.02,64,52,3.27,1603241982
Lucea,JM,18.45,-78.17,82.4,78,40,6.93,1603241983
Tateyama,JP,34.98,139.87,69.01,68,20,23.04,1603241984
Acheng,CN,45.55,126.98,59.0,58,40,20.13,1603241985
Craig,US,40.52,-107.55,57.2,35,1,4.07,1603241986
Half Moon Bay,US,37.46,-122.43,82.4,93,40,6.93,1603241943
Leningradskiy,RU,69.38,178.42,35.62,83,73,9.66,1603241496
Mar del Plata,AR,-38.0,-57.56,52.0,70,0,3.36,1603241777
Airai,TL,-8.93,125.41,78.37,34,26,3.96,1603241990
Sindgi,IN,16.92,76.23,73.08,89,100,2.33,1603241991
Obama,JP,35.5,135.75,70.0,63,3,1.01,1603241993
Mount Hagen,PG,-5.86,144.23,67.17,80,98,2.01,1603241994
San Policarpo,PH,12.18,125.51,84.79,75,100,13.06,1603241995
Omsukchan,RU,62.53,155.8,17.29,92,68,2.28,1603241996
Esim,GH,4.87,-2.24,77.13,88,100,8.93,1603241720
Aykino,RU,62.22,49.99,28.44,99,100,2.68,1603241998
Rudersdorf,AT,47.04,16.14,44.01,99,100,6.24,1603241999
Paramonga,PE,-10.67,-77.83,62.94,82,53,8.1,1603242001
Finschhafen,PG,-6.6,147.87,85.03,64,26,4.29,1603242002
Port Lincoln,AU,-34.73,135.87,60.48,74,96,11.43,1603242004
Ilhabela,BR,-23.78,-45.36,72.46,88,39,2.86,1603242005
Vardø,NO,70.37,31.11,38.35,75,69,4.32,1603241711
Vila Franca do Campo,PT,37.72,-25.43,60.8,67,75,16.11,1603241458
Banjar,ID,-8.19,114.97,86.0,84,75,2.24,1603241652
Talnakh,RU,69.49,88.4,3.2,91,50,2.24,1603242010
Ilulissat,GL,69.22,-51.1,35.6,80,100,11.41,1603242012
Varkaus,FI,62.32,27.87,30.2,92,90,4.7,1603242014
Komaki,JP,35.28,136.92,66.99,59,1,0.74,1603242015
Adrar,MR,20.5,-10.07,83.57,17,0,6.6,1603242016
Chokurdakh,RU,70.63,147.92,9.73,96,74,4.92,1603242017
Casper,US,42.87,-106.31,46.4,75,1,13.87,1603242019
Lloydminster,CA,53.28,-110.0,23.0,67,75,8.05,1603241928
Ouadda,CF,8.08,22.4,68.86,87,100,3.0,1603242021
Anáhuac,MX,27.23,-100.15,89.6,43,20,13.87,1603242023
Mehamn,NO,71.04,27.85,35.78,83,90,2.59,1603242024
Guhāgar,IN,17.48,73.19,76.06,90,0,3.42,1603242025
Siliguri,IN,26.7,88.43,72.41,68,0,4.47,1603242027
Ostrovnoy,RU,68.05,39.51,36.82,81,100,13.27,1603241565
Kelvington,CA,52.17,-103.53,23.31,92,89,4.74,1603242029
Piney Green,US,34.72,-77.32,73.4,88,1,4.7,1603242030
Buin,CL,-33.73,-70.75,69.8,37,0,17.22,1603242031
Asekeyevo,RU,53.57,52.8,36.21,80,100,7.36,1603242033
Shorewood,US,41.52,-88.2,51.01,93,90,9.17,1603242034
Chancay,PE,-11.57,-77.27,62.6,82,75,10.29,1603242035
Los Llanos de Aridane,ES,28.66,-17.92,75.2,50,75,8.05,1603242036
Bethel,US,41.37,-73.41,61.0,100,20,0.18,1603242038
Acapulco de Juárez,MX,16.86,-99.89,84.2,83,75,6.93,1603242039
Tegul'det,RU,57.31,88.17,35.02,94,100,6.62,1603242040
Pombia,IT,45.65,8.63,52.0,87,75,3.36,1603242041
Thinadhoo,MV,0.53,72.93,82.18,80,100,12.44,1603242042
Playas,EC,-2.63,-80.38,71.91,81,100,13.44,1603242044
Chicama,PE,-7.84,-79.15,64.27,78,18,5.48,1603242045
Tiarei,PF,-17.53,-149.33,84.2,66,20,13.87,1603242046
Issoire,FR,45.55,3.25,62.6,55,100,32.21,1603242047
Pingshan,CN,22.99,114.71,73.0,70,21,4.0,1603242048
Tezu,IN,27.92,96.17,70.97,81,71,2.35,1603242050
Nome,US,64.5,-165.41,42.8,75,40,8.05,1603242051
Codrington,AU,-38.27,141.97,57.7,71,1,6.33,1603242052
Grindavik,IS,63.84,-22.43,35.6,93,75,4.7,1603242053
Ransang,PH,8.96,117.58,83.75,74,97,9.62,1603242055
Faanui,PF,-16.48,-151.75,78.87,80,2,14.27,1603242056
Vlorë,AL,40.47,19.49,59.54,64,0,6.31,1603242057
Qidong,CN,31.81,121.66,66.99,93,100,10.25,1603242058
Dikson,RU,73.51,80.55,23.72,97,92,4.97,1603242059
Dingle,PH,11.0,122.67,83.61,81,14,14.14,1603242061
Måløy,NO,61.94,5.11,45.0,87,100,12.75,1603242062
Cabo San Lucas,MX,22.89,-109.91,87.8,43,5,11.41,1603241914
Creston,US,41.06,-94.36,42.8,100,90,11.41,1603242065
Borba,BR,-4.39,-59.59,82.35,62,58,1.52,1603241936
Tāndā,IN,26.55,82.65,70.72,65,0,5.08,1603242067
Port Blair,IN,11.67,92.75,81.73,82,14,14.47,1603242069
Luau,AO,-10.71,22.22,66.27,72,4,2.33,1603242070
Umaria,IN,23.53,80.83,67.69,65,0,1.66,1603242071
Atar,MR,20.52,-13.05,85.93,25,0,5.37,1603242072
Leh,IN,34.17,77.58,32.07,64,0,1.28,1603242073
Rancho Palos Verdes,US,33.74,-118.39,68.0,93,75,11.41,1603242074
Hualmay,PE,-11.1,-77.61,63.27,80,71,8.12,1603242076
Basco,PH,20.45,121.97,77.34,93,100,26.91,1603242077
Makkah al Mukarramah,SA,21.43,39.83,76.44,18,0,6.24,1603242078
Najrān,SA,17.49,44.13,62.6,27,0,4.7,1603242079
Hasaki,JP,35.73,140.83,66.0,68,40,9.17,1603241924
Mago,RU,53.25,140.18,39.61,67,100,3.8,1603242082
Florianópolis,BR,-27.61,-48.5,72.0,94,20,9.17,1603242015
Tessalit,ML,20.2,1.01,80.64,16,0,6.78,1603241486
Colares,PT,38.8,-9.45,62.01,96,0,17.0,1603242085
Koslan,RU,63.46,48.9,27.43,98,95,3.15,1603242086
Nizhniy Tsasuchey,RU,50.52,115.13,28.26,79,0,20.96,1603242088
Ilebo,CD,-4.32,20.58,71.98,95,100,1.99,1603242089
Tacoronte,ES,28.48,-16.41,68.0,93,75,14.99,1603242090
Nicoya,CR,10.15,-85.45,77.0,94,40,4.7,1603242091
Alexandria,EG,31.22,29.96,75.2,83,0,5.82,1603241943
Ulladulla,AU,-35.35,150.47,73.99,49,20,8.05,1603242094
Vilhena,BR,-12.74,-60.15,71.37,88,78,0.92,1603242087
Shetpe,KZ,44.17,52.12,45.3,69,100,3.04,1603242096
Bilma,NE,18.69,12.92,76.26,18,0,1.05,1603242098
Enid,US,36.4,-97.88,55.99,100,75,10.29,1603242099
Geraldton,AU,-28.77,114.6,68.0,64,90,17.22,1603241989
Alice Springs,AU,-23.7,133.88,89.6,29,40,17.22,1603242024
Nalvo,PH,16.81,120.51,76.95,89,91,3.65,1603242103
Morant Bay,JM,17.88,-76.41,77.0,88,40,19.46,1603242104
Kaitangata,NZ,-46.28,169.85,56.17,47,75,1.03,1603242106
Logan,US,41.74,-111.83,59.0,50,1,5.82,1603241838
Hong Kong,HK,22.29,114.16,73.99,71,96,1.99,1603241892
Huarmey,PE,-10.07,-78.15,63.93,79,77,8.01,1603241938
Ruangwa,TZ,-10.07,38.93,68.11,88,90,2.06,1603242110
Don Luan,VN,11.53,106.92,78.94,88,89,3.0,1603242111
Makubetsu,JP,45.37,141.82,53.6,71,20,9.17,1603242113
Aras,ES,42.56,-2.36,60.8,82,90,24.16,1603242114
Venado,MX,22.93,-101.08,68.74,51,8,13.18,1603242115
Vila Velha,BR,-20.33,-40.29,69.8,94,90,4.7,1603242094
Härnösand,SE,62.63,17.94,43.0,93,100,6.93,1603242117
Rodrigues Alves,BR,-7.74,-72.65,74.23,95,100,2.15,1603242118
Castlebar,IE,53.85,-9.3,54.0,90,21,4.81,1603242120
Tire,TR,38.09,27.74,64.4,63,75,17.22,1603242121
Kavaratti,IN,10.57,72.64,81.82,70,98,8.84,1603241918
Tubmanburg,LR,6.87,-10.82,73.02,97,100,1.1,1603242123
Pailón,BO,-17.65,-62.75,82.4,65,100,5.82,1603242124
Badarwās,IN,24.97,77.57,70.47,25,0,4.29,1603242125
Nema,RU,57.51,50.5,32.67,93,100,9.66,1603242127
Baryatino,RU,54.31,34.52,30.81,96,100,5.61,1603242128
Ankara,TR,39.92,32.85,55.4,71,40,9.17,1603242129
Coahuayana Viejo,MX,18.73,-103.68,80.6,78,75,3.18,1603242130
Kumul,CN,42.8,93.45,49.41,42,0,5.19,1603242131
Imbituba,BR,-28.24,-48.67,71.6,94,20,9.17,1603242133
Shache,CN,38.42,77.24,38.59,71,0,2.17,1603242134
Kahului,US,20.89,-156.47,91.4,41,20,10.29,1603241562
Tabou,CI,4.42,-7.35,76.87,83,55,5.55,1603242136
Haines Junction,CA,60.75,-137.51,29.39,81,99,4.23,1603242137
Sobolevo,RU,54.43,31.9,34.63,89,100,5.53,1603242138
Gisborne,NZ,-38.65,178.0,69.01,66,100,4.0,1603242139
Big Rapids,US,43.7,-85.48,44.6,75,90,12.75,1603241890
Fare,PF,-16.7,-151.02,79.47,78,3,13.22,1603242142
Vostok,RU,46.49,135.88,48.54,53,100,4.29,1603242143
Manchester,GB,53.48,-2.24,57.99,87,75,4.7,1603241971
San Quintín,MX,30.48,-115.95,68.27,83,0,11.1,1603242145
Kirsanov,RU,52.65,42.72,37.6,77,72,12.17,1603242146
Āsosa,ET,10.07,34.53,64.31,81,71,4.59,1603242147
Asău,RO,46.43,26.4,39.2,93,0,3.36,1603242148
Gumdag,TM,39.21,54.59,54.61,89,0,5.03,1603242150
Dukat,RU,62.55,155.55,13.44,93,13,2.1,1603242151
College,US,64.86,-147.8,23.0,85,90,0.89,1603242152
Namatanai,PG,-3.67,152.43,83.55,72,56,1.61,1603242153
Dzhebariki-Khaya,RU,62.22,135.8,19.06,88,100,5.06,1603242154
Griffith,US,41.53,-87.42,50.0,93,90,9.17,1603242155
Hervey Bay,AU,-25.3,152.85,77.0,57,26,11.41,1603242156
Andahuaylas,PE,-13.66,-73.39,53.06,76,75,4.56,1603242157
Biloela,AU,-24.42,150.5,80.38,52,75,13.09,1603242159
Boa Vista,BR,2.82,-60.67,86.0,55,40,6.93,1603242160
Roald,NO,62.58,6.13,42.8,87,100,16.11,1603242161
Faya,SA,18.39,42.45,57.2,23,0,5.82,1603242162
Khovd,MN,48.01,91.64,28.76,83,0,1.07,1603242163
Ejea de los Caballeros,ES,42.13,-1.14,62.6,72,100,25.28,1603242164
Egvekinot,RU,66.32,-179.17,33.91,100,97,5.77,1603242166
Raudeberg,NO,61.99,5.14,45.0,94,100,10.63,1603242167
Sohag,EG,26.56,31.69,75.2,38,0,4.7,1603242168
Sydney,AU,-33.87,151.21,73.0,56,20,20.8,1603242005
Wajima,JP,37.4,136.9,64.4,59,20,11.41,1603242170
Seoul,KR,37.57,126.98,57.2,67,90,3.44,1603242024
Saint-Augustin,CA,51.23,-58.65,46.27,97,100,8.48,1603242172
Vestmannaeyjar,IS,63.44,-20.27,37.89,73,100,8.41,1603242173
Barinas,VE,8.62,-70.21,75.24,89,80,3.85,1603242017
Saint Anthony,US,45.02,-93.22,33.01,99,90,4.7,1603242176
Maxixe,MZ,-23.86,35.35,71.38,89,27,7.27,1603242177
Kolokani,ML,13.57,-8.03,78.49,26,0,2.68,1603242178
Tshikapa,CD,-6.42,20.8,71.47,93,100,3.76,1603242179
Margate,GB,51.38,1.39,59.0,89,100,4.0,1603242180
Quatre Cocos,MU,-20.21,57.76,73.99,78,40,12.75,1603241644
Mildura,AU,-34.2,142.15,78.01,27,90,5.82,1603242006
Atasū,KZ,48.68,71.64,40.64,49,0,4.25,1603242184
Katobu,ID,-4.94,122.53,87.8,51,77,4.43,1603242185
Baharly,TM,38.44,57.43,58.93,34,0,3.29,1603242186
Yangi Marg`ilon,UZ,40.43,71.72,51.8,43,0,4.7,1603242187
Beloha,MG,-25.17,45.05,65.08,62,0,5.32,1603242188
Sitka,US,57.05,-135.33,44.6,70,20,5.82,1603242189
Mana,GF,5.66,-53.78,80.82,77,100,13.04,1603242190
Rapid Valley,US,44.06,-103.15,42.01,80,90,19.46,1603242192
Zonguldak,TR,41.25,31.83,50.63,91,18,3.71,1603241922
Oistins,BB,13.07,-59.53,82.4,74,20,10.29,1603242194
Nagato,JP,34.38,131.2,71.01,72,75,18.34,1603242195
Korla,CN,41.76,86.15,48.0,92,0,5.99,1603242196
Hawera,NZ,-39.59,174.28,57.0,83,100,4.0,1603242197
Yatou,CN,37.15,122.38,65.7,68,100,18.01,1603242199
Kulhudhuffushi,MV,6.62,73.07,81.86,77,100,11.74,1603242200
Qabaqçöl,AZ,41.72,46.26,55.4,100,90,4.7,1603242201
Touros,BR,-5.2,-35.46,75.2,83,20,3.36,1603242202
Guadalupe y Calvo,MX,26.1,-106.97,56.64,88,0,2.19,1603242203
Gijang,KR,35.24,129.21,60.8,67,75,4.7,1603242159
Sept-Îles,CA,50.2,-66.38,39.0,93,20,11.41,1603242205
Kiboga,UG,0.92,31.77,63.07,98,100,0.09,1603242206
Camacha,PT,33.08,-16.33,68.0,68,40,13.87,1603242205
Maningrida,AU,-12.07,134.27,87.91,49,0,6.71,1603242209
Biak,ID,-0.91,122.88,82.45,65,82,6.11,1603242210
Dicabisagan,PH,17.08,122.42,81.27,83,94,17.02,1603242211
Lincoln,US,40.8,-96.67,43.0,80,1,4.7,1603242212
Pingliang,CN,35.54,106.69,51.78,42,0,4.79,1603242213
Marang,MY,5.21,103.21,80.6,88,20,2.24,1603242214
Bambanglipuro,ID,-7.95,110.28,83.7,72,16,1.34,1603242215
Tuatapere,NZ,-46.13,167.68,57.0,59,84,8.01,1603242216
Buala,SB,-8.14,159.59,86.97,64,100,5.1,1603242218
Nelson Bay,AU,-32.72,152.15,75.99,49,20,18.34,1603242219
Ayan,RU,56.45,138.17,36.14,76,100,8.75,1603242220
Narsaq,GL,60.92,-46.05,30.2,86,100,2.24,1603242221
Houma,US,29.6,-90.72,77.0,88,75,6.93,1603242082
Coyhaique,CL,-45.58,-72.07,48.2,61,40,6.93,1603241992
Barcelos,PT,41.54,-8.62,59.0,100,75,18.34,1603242224
Balkhash,KZ,46.84,74.98,46.44,48,0,9.15,1603242226
Ellisras,ZA,-23.66,27.74,74.21,38,0,16.91,1603242227
Nanortalik,GL,60.14,-45.24,35.78,93,100,15.08,1603242228
Imeni Poliny Osipenko,RU,52.42,136.49,39.36,71,100,12.26,1603242229
San Cristobal,VE,7.77,-72.22,78.8,83,40,5.82,1603242045
Lubango,AO,-14.92,13.49,62.51,56,1,2.62,1603242231
Tura,IN,25.52,90.22,74.01,90,0,2.84,1603242232
Harwich,GB,51.94,1.28,57.0,87,100,5.01,1603242234
Bowen,AU,-20.02,148.23,82.4,58,75,10.29,1603242235
Ambulu,ID,-8.35,113.61,83.75,68,0,3.71,1603242236
Kupang,ID,-10.17,123.58,89.6,62,40,8.05,1603242237
Aktash,RU,50.3,87.73,22.17,86,46,4.65,1603242238
Sisimiut,GL,66.94,-53.67,32.97,91,100,25.28,1603242240
Emerald,AU,-23.53,148.17,82.4,54,75,11.41,1603242179
Sarangani,PH,5.4,125.46,84.07,74,88,9.51,1603242242
Pouébo,NC,-20.4,164.57,79.99,54,0,5.08,1603242243
Presidente Epitácio,BR,-21.76,-52.12,74.77,82,0,5.28,1603242244
Harper,LR,4.38,-7.72,76.96,82,63,5.93,1603242245
Cody,US,44.53,-109.06,44.6,65,90,3.36,1603242033
Anadyr,RU,64.75,177.48,44.6,65,71,17.9,1603242247
Grand Gaube,MU,-20.01,57.66,73.99,72,0,7.0,1603242249
Pisco,PE,-13.7,-76.22,64.0,82,0,17.22,1603242250
Cayenne,GF,4.93,-52.33,80.6,83,100,4.7,1603242251
Igrim,RU,63.19,64.42,26.56,98,0,4.45,1603242252
Calama,CL,-22.47,-68.93,64.4,10,0,16.11,1603241654
Ghanzi,BW,-21.57,21.78,71.87,21,50,12.55,1603242254
Omboué,GA,-1.57,9.26,76.66,88,100,8.28,1603242255
Jinchang,CN,38.5,102.17,49.42,40,0,5.64,1603242256
Lang Son,VN,21.83,106.73,64.44,60,29,13.85,1603242258
Sirte,LY,31.21,16.59,69.48,57,27,6.73,1603242259
Puerto Princesa City,PH,9.74,118.74,78.8,88,90,11.41,1603242260
Cervo,ES,43.67,-7.41,57.0,91,100,9.89,1603242261
Sabha,LY,27.04,14.43,67.75,59,30,11.68,1603242262
Paita,PE,-5.09,-81.11,63.81,84,0,11.3,1603242263
Fortuna,US,40.6,-124.16,62.01,72,1,13.87,1603242264
Regeneração,BR,-6.24,-42.69,87.39,35,100,2.3,1603242265
Marzuq,YE,14.4,46.47,65.53,27,0,3.24,1603242266
Orange,US,33.7,-117.77,73.0,75,7,3.0,1603242029
Salinópolis,BR,-0.61,-47.36,80.92,77,0,12.03,1603242269
Dunedin,NZ,-45.87,170.5,46.99,90,55,5.99,1603242191
Sambava,MG,-14.27,50.17,74.28,83,100,15.7,1603242271
Pandaria,IN,22.23,81.42,71.69,82,0,3.02,1603242272
Cap Malheureux,MU,-19.98,57.61,73.99,71,0,5.99,1603241999
Nibbar,TN,36.29,8.77,53.6,71,0,2.24,1603242274
Narimanov,RU,46.69,47.85,44.6,75,31,8.95,1603242275
Istok,XK,42.78,20.49,39.99,65,0,1.12,1603242276
Baykal'sk,RU,51.51,104.15,33.6,80,96,7.38,1603242278
Presidencia Roque Sáenz Peña,AR,-26.79,-60.44,79.9,61,10,6.49,1603242279
Zaysan,KZ,47.47,84.87,36.59,67,0,0.81,1603242280
Guatire,VE,10.48,-66.54,74.12,86,100,2.55,1603242281
Paraná,AR,-31.73,-60.52,59.0,81,100,1.99,1603242282
Broome,US,42.25,-75.83,51.01,100,90,5.82,1603242283
Lębork,PL,54.54,17.75,48.2,81,100,6.93,1603242284
Cap-Chat,CA,49.1,-66.68,39.81,79,80,12.75,1603242285
Mīrābād,AF,30.44,61.84,57.79,28,0,12.88,1603242286
Lompoc,US,34.64,-120.46,60.8,82,90,9.17,1603242287
Alofi,NU,-19.06,-169.92,78.8,74,90,17.22,1603242289
Sibolga,ID,1.74,98.78,81.61,73,32,1.48,1603242290
Nabire,ID,-3.37,135.48,77.86,88,100,1.92,1603242250
Constitución,CL,-35.33,-72.42,51.33,77,0,14.83,1603242292
San Nicolas,PH,18.17,120.6,82.4,83,75,12.75,1603242293
Kargat,RU,55.2,80.28,41.68,82,1,12.37,1603242294
Santa Maria da Boa Vista,BR,-8.81,-39.83,78.39,46,0,21.52,1603242295
Xai-Xai,MZ,-25.05,33.64,72.3,78,97,20.29,1603242296
Nishihara,JP,26.18,127.76,84.2,69,90,17.22,1603242298
Marsá Maţrūḩ,EG,31.35,27.25,71.6,83,64,5.41,1603242299
Bartica,GY,6.4,-58.62,78.8,94,20,6.93,1603242300
Maragogi,BR,-9.01,-35.22,75.83,82,51,7.25,1603242301
Harbour Breton,CA,47.48,-55.8,57.99,100,100,18.52,1603242302
Porto Santo,PT,33.07,-16.34,68.0,68,40,14.99,1603242303
Laas,IT,46.62,10.7,50.0,93,5,5.82,1603242304
Nyrob,RU,60.73,56.72,30.2,97,98,5.14,1603242305
Sabaudia,IT,41.3,13.03,54.0,76,0,5.01,1603242307
Petropavlovsk-Kamchatskiy,RU,53.05,158.65,42.8,41,0,15.66,1603242308
San Rafael,AR,-34.62,-68.33,58.53,47,0,12.03,1603242309
Izvestkovyy,RU,48.98,131.55,37.87,78,100,4.92,1603242310
Olafsvik,IS,64.89,-23.71,43.03,76,100,10.96,1603242311
Saint-Marc,HT,19.11,-72.69,80.51,72,97,2.84,1603242312
Kaifeng,CN,34.79,114.35,62.6,51,0,13.42,1603242313
Atocha,BO,-20.93,-66.23,48.67,57,0,10.83,1603242314
Kismayo,SO,-0.36,42.55,79.11,81,54,12.55,1603242315
Gull Lake,CA,50.1,-108.48,23.0,79,90,11.41,1603242317
Khor,RU,47.89,134.95,52.25,54,100,11.63,1603242318
Bonavista,CA,48.65,-53.11,55.0,80,100,5.01,1603242319
Mazara del Vallo,IT,37.66,12.59,57.99,81,0,5.82,1603242320
Aksarka,RU,66.56,67.8,20.52,98,100,6.33,1603242321
Vorsma,RU,55.99,43.27,33.8,88,75,8.95,1603242322
Ternovka,RU,51.68,41.64,35.87,85,23,10.65,1603242323
Tías,ES,28.96,-13.64,73.4,69,100,2.24,1603242324
Barra do Garças,BR,-15.89,-52.26,74.19,80,100,2.48,1603242034
Luanda,AO,-8.84,13.23,75.2,83,75,8.05,1603242308
Winnemucca,US,40.97,-117.74,75.2,16,1,13.87,1603242328
Sørland,NO,67.67,12.69,39.2,69,40,5.82,1603242329
Maraã,BR,-1.83,-65.37,78.66,72,35,2.48,1603242330
Itaituba,BR,-4.28,-55.98,81.09,60,0,1.43,1603242331
Shwebo,MM,22.57,95.7,74.1,97,100,0.89,1603242332
Todi,IT,42.78,12.4,48.99,60,0,2.75,1603242333
Gravdal,NO,68.12,13.5,39.2,69,40,5.82,1603242334
Tucumcari,US,35.17,-103.72,84.2,9,1,12.75,1603242285
Eyl,SO,7.98,49.82,79.07,79,0,8.28,1603242130
Solnechnyy,RU,50.72,136.63,43.63,61,100,9.91,1603242338
Viseu,PT,40.66,-7.91,59.0,89,54,7.0,1603242339
Isangel,VU,-19.55,169.27,82.4,65,75,5.82,1603242340
Caldwell,US,43.66,-116.69,60.8,44,90,5.82,1603242160
Katsuura,JP,35.13,140.3,69.01,53,11,3.0,1603242342
Landeck,AT,47.13,10.56,39.2,93,5,5.82,1603242343
Santa Maria,BR,-29.68,-53.81,66.42,82,41,13.91,1603242084
Synya,RU,65.37,58.04,23.41,98,100,2.01,1603242345
Santa Marta,CO,11.24,-74.2,82.99,77,27,1.01,1603242347
Husavik,IS,66.04,-17.34,24.8,85,78,4.7,1603242348
Praia da Vitória,PT,38.73,-27.07,60.8,82,75,25.7,1603242349
Beira,MZ,-19.84,34.84,75.2,94,40,4.7,1603242350
Topolobampo,MX,25.6,-109.05,88.0,55,5,8.05,1603242351
Januária,BR,-15.48,-44.37,72.48,79,98,2.39,1603242352
Bintulu,MY,3.17,113.03,78.8,83,20,5.82,1603242353
Jandiāla,IN,31.17,75.62,63.32,29,0,3.76,1603242354
Akdepe,TM,42.06,59.38,50.0,49,29,6.93,1603242355
Aitape,PG,-3.14,142.35,84.63,69,100,1.9,1603242357
Diffa,NE,13.32,12.61,82.83,18,0,8.88,1603242358
Bulgan,MN,48.81,103.53,26.13,86,0,3.65,1603242359
Labuhan,ID,-6.88,112.21,84.31,69,32,4.07,1603242360
Curuçá,BR,-0.73,-47.85,78.35,79,38,6.64,1603242361
Tilichiki,RU,60.47,166.1,40.21,88,100,19.17,1603242362
Naliya,IN,23.27,68.83,81.45,80,1,7.23,1603242363
Fort Nelson,CA,58.81,-122.7,23.0,57,75,3.36,1603242364
Wittmund,DE,53.57,7.78,55.99,93,75,8.05,1603242366
Makat,KZ,47.65,53.35,48.18,54,85,7.18,1603242367
Huatulco,MX,15.84,-96.33,77.0,83,90,0.6,1603242368
Klamath Falls,US,42.22,-121.78,66.2,42,1,12.75,1603242239
Grand Baie,MU,-20.02,57.58,73.99,72,1,7.0,1603242370
Kangundo,KE,-1.3,37.35,62.6,100,75,6.93,1603242371
Along,IN,28.17,94.77,66.02,84,5,1.28,1603242372
Bose,IT,45.46,8.01,52.0,93,100,0.96,1603242373
Deloraine,AU,-41.53,146.67,60.01,69,100,1.99,1603242375
Conde,BR,-7.26,-34.91,77.0,83,40,4.7,1603242376
Basoko,CD,1.24,23.62,70.21,95,100,2.48,1603242377
Lagan,RU,45.39,47.37,52.72,62,33,8.93,1603242378
Mayo,US,38.89,-76.51,62.6,100,1,4.56,1603242379
Kiruna,SE,67.86,20.23,23.0,100,10,1.39,1603242380
Ust'-Kan,RU,50.93,84.76,32.38,79,5,4.05,1603242381
Shestakovo,RU,56.49,103.96,28.38,96,92,5.64,1603242382
Inhambane,MZ,-23.86,35.38,72.05,88,35,7.99,1603242383
Hambantota,LK,6.12,81.12,77.0,100,20,5.82,1603242385
Hay River,CA,60.82,-115.8,24.8,73,75,16.11,1603242386
Garissa,KE,-0.45,39.64,75.36,77,0,12.64,1603242387
Babahoyo,EC,-1.82,-79.52,78.8,65,20,13.87,1603242388
Humaitá,BR,-7.51,-63.02,73.89,95,100,2.84,1603242389
Mananjary,MG,-21.22,48.33,70.66,85,0,5.7,1603242390
The Pas,CA,53.83,-101.25,28.4,63,90,2.24,1603242391
Guiyang,CN,26.58,106.72,50.0,87,75,2.24,1603242392
Lenger,KZ,42.18,69.88,55.4,37,0,8.95,1603242394
Paamiut,GL,61.99,-49.67,36.43,80,98,2.55,1603242395
Cap-aux-Meules,CA,47.38,-61.86,55.4,76,75,16.11,1603242396
Lagoa,PT,39.05,-27.98,63.03,66,0,26.31,1603242397
Koumac,NC,-20.57,164.28,79.29,56,0,7.18,1603242398
Saint-Joseph,RE,-21.37,55.62,71.6,56,14,6.93,1603242399
Lillehammer,NO,61.11,10.47,32.0,96,100,2.68,1603242400
Te Anau,NZ,-45.42,167.72,54.34,49,7,6.26,1603242401
Riberalta,BO,-10.98,-66.1,84.2,47,93,3.0,1603242402
Bubaque,GW,11.28,-15.83,81.77,82,0,11.48,1603242403
Dumas,US,35.87,-101.97,73.4,35,1,10.78,1603242404
Spoleto,IT,42.74,12.74,48.99,48,1,9.17,1603242406
Puerto Plata,DO,19.79,-70.69,78.8,88,40,5.3,1603242407
Sola,VU,-13.88,167.55,75.2,94,90,11.41,1603242408
Cerro Largo,BR,-28.15,-54.74,75.7,65,0,12.24,1603242409
Russell,US,32.35,-85.2,73.4,77,1,6.11,1603242410
Swan River,CA,52.11,-101.27,27.0,91,100,5.82,1603242118
Pagudpud,PH,18.56,120.79,82.4,83,75,12.75,1603242412
Kologriv,RU,58.83,44.32,28.99,95,94,10.87,1603242413
Burns Lake,CA,54.23,-125.75,31.96,95,100,3.06,1603242414
Podor,MR,16.65,-14.96,82.4,54,0,7.2,1603242416
Necochea,AR,-38.55,-58.74,43.0,86,0,7.74,1603242417
Ugoofaaru,MV,5.67,73.0,81.95,78,100,12.21,1603242418
Tevaitoa,PF,-16.78,-151.5,79.52,78,3,14.45,1603242419
Kanash,RU,55.51,47.5,33.8,97,75,11.18,1603242194
Buluang,PH,13.31,123.34,83.16,81,23,10.58,1603242421
Beringovskiy,RU,63.05,179.32,41.85,85,52,12.01,1603242422
Morro Bay,US,35.37,-120.85,66.0,71,2,1.01,1603242350
Kuching,MY,1.55,110.33,82.4,83,20,2.24,1603242388
Champerico,GT,14.3,-91.92,75.2,94,90,9.17,1603242426
Mazatlan,MX,25.2,-99.82,77.27,68,28,9.26,1603242180
Katherine,AU,-14.47,132.27,89.6,52,0,11.41,1603242428
Gao,ML,16.64,1.64,89.82,13,0,7.52,1603242429
Vyazemskiy,RU,47.54,134.75,52.77,53,100,8.97,1603242430
Itapagé,BR,-3.69,-39.59,73.13,80,0,5.79,1603242431
Dzaoudzi,YT,-12.79,45.27,75.2,83,94,9.19,1603242432
Werda,BW,-25.27,23.28,73.18,20,56,12.95,1603242433
High Level,CA,58.52,-117.14,24.8,73,90,6.93,1603242435
Havelock,US,34.88,-76.9,70.0,88,1,3.36,1603242436
Kualakapuas,ID,-3.01,114.39,82.4,74,100,5.82,1603242437
Porto Belo,BR,-27.16,-48.55,73.4,88,40,4.7,1603242438
Kailua,US,21.4,-157.74,80.6,74,90,11.41,1603242439
